use szkola;

INSERT INTO Nauczyciele VALUES (
	'80083127571',
	'Benedykt',
	'Szczepański',
	'M',
	'1980-8-31'
);

INSERT INTO Nauczyciele VALUES (
	'55010861730',
	'Makary',
	'Symanski',
	'M',
	'1955-1-8'
);

INSERT INTO Nauczyciele VALUES (
	'73102616327',
	'Weronika',
	'Gorska',
	'K',
	'1973-10-26'
);

INSERT INTO Nauczyciele VALUES (
	'83031758885',
	'Gertruda',
	'Pawłowska',
	'K',
	'1983-3-17'
);

INSERT INTO Nauczyciele VALUES (
	'91032458000',
	'Zosia',
	'Dudek',
	'K',
	'1991-3-24'
);

INSERT INTO Nauczyciele VALUES (
	'56092552655',
	'Jarosław',
	'Sawicki',
	'M',
	'1956-9-25'
);

INSERT INTO Nauczyciele VALUES (
	'69022168888',
	'Adrianna',
	'Nowakowska',
	'K',
	'1969-2-21'
);

INSERT INTO Nauczyciele VALUES (
	'65041629634',
	'Jacenty',
	'Dąbrowski',
	'M',
	'1965-4-16'
);

INSERT INTO Nauczyciele VALUES (
	'79120206612',
	'Hieronim',
	'Wysocki',
	'M',
	'1979-12-2'
);

INSERT INTO Nauczyciele VALUES (
	'78031851645',
	'Stefania',
	'Adamczyk',
	'K',
	'1978-3-18'
);

INSERT INTO Nauczyciele VALUES (
	'73042133791',
	'Marceli',
	'Woźniak',
	'M',
	'1973-4-21'
);

INSERT INTO Nauczyciele VALUES (
	'58082983595',
	'Konstanty',
	'Adamski',
	'M',
	'1958-8-29'
);

INSERT INTO Nauczyciele VALUES (
	'86030697973',
	'Dobrosław',
	'Nowakowski',
	'M',
	'1986-3-6'
);

INSERT INTO Nauczyciele VALUES (
	'72080111853',
	'Lubomir',
	'Rutkowski',
	'M',
	'1972-8-1'
);

INSERT INTO Nauczyciele VALUES (
	'68092852703',
	'Leokadia',
	'Czarnecka',
	'K',
	'1968-9-28'
);


--PRZEDMIOTY
INSERT INTO Przedmioty VALUES('Biologia');

INSERT INTO Przedmioty VALUES('Matematyka');

INSERT INTO Przedmioty VALUES('Polski');

INSERT INTO Przedmioty VALUES('Język angielski');

INSERT INTO Przedmioty VALUES('Historia');

INSERT INTO Przedmioty VALUES('Wychowanie Fizyczne');

INSERT INTO Przedmioty VALUES('Chemia');


INSERT INTO Uczniowie VALUES (
	'04282276841',
	'Ela',
	'Duda',
	'K',
	'2004-8-22',
	'2017-9-1',
	NULL
);

INSERT INTO Uczniowie VALUES (
	'06221233609',
	'Krystiana',
	'Kozłowska',
	'K',
	'2006-2-12',
	'2017-9-1',
	NULL
);

INSERT INTO Uczniowie VALUES (
	'05291648292',
	'Rajmund',
	'Symanski',
	'M',
	'2005-9-16',
	'2017-9-1',
	NULL
);

INSERT INTO Uczniowie VALUES (
	'04300362329',
	'Stefcia',
	'Duda',
	'K',
	'2004-10-3',
	'2017-9-1',
	NULL
);

INSERT INTO Uczniowie VALUES (
	'05302488576',
	'Konstanty',
	'Sobczak',
	'M',
	'2005-10-24',
	'2017-9-1',
	NULL
);

INSERT INTO Uczniowie VALUES (
	'05320183338',
	'Błažej',
	'Tomaszewski',
	'M',
	'2005-12-1',
	'2017-9-1',
	NULL
);

INSERT INTO Uczniowie VALUES (
	'06242419000',
	'Jarosława',
	'Kamińska',
	'K',
	'2006-4-24',
	'2017-9-1',
	NULL
);

INSERT INTO Uczniowie VALUES (
	'05240492163',
	'Kazia',
	'Michalska',
	'K',
	'2005-4-4',
	'2017-9-1',
	NULL
);

INSERT INTO Uczniowie VALUES (
	'05230531788',
	'Jadzia',
	'Kamińska',
	'K',
	'2005-3-5',
	'2017-9-1',
	NULL
);

INSERT INTO Uczniowie VALUES (
	'06241179961',
	'Kaja',
	'Rutkowska',
	'K',
	'2006-4-11',
	'2017-9-1',
	NULL
);

INSERT INTO Uczniowie VALUES (
	'05272007508',
	'Jarosława',
	'Wysocka',
	'K',
	'2005-7-20',
	'2017-9-1',
	NULL
);

INSERT INTO Uczniowie VALUES (
	'04322278185',
	'Franciszka',
	'Zawadzka',
	'K',
	'2004-12-22',
	'2017-9-1',
	NULL
);

INSERT INTO Uczniowie VALUES (
	'04321822583',
	'Benedykta',
	'Jaworska',
	'K',
	'2004-12-18',
	'2017-9-1',
	NULL
);

INSERT INTO Uczniowie VALUES (
	'05211576096',
	'Serafin',
	'Szczepański',
	'M',
	'2005-1-15',
	'2017-9-1',
	NULL
);

INSERT INTO Uczniowie VALUES (
	'05222458514',
	'Karol',
	'Zawadzki',
	'M',
	'2005-2-24',
	'2017-9-1',
	NULL
);

INSERT INTO Uczniowie VALUES (
	'03290155065',
	'Kazia',
	'Zawadzka',
	'K',
	'2003-9-1',
	'2016-9-1',
	NULL
);

INSERT INTO Uczniowie VALUES (
	'05221487735',
	'Seweryn',
	'Kaczmarek',
	'M',
	'2005-2-14',
	'2016-9-1',
	NULL
);

INSERT INTO Uczniowie VALUES (
	'04231337522',
	'Kornelia',
	'Dąbrowski',
	'K',
	'2004-3-13',
	'2016-9-1',
	NULL
);

INSERT INTO Uczniowie VALUES (
	'04272196979',
	'Racław',
	'Borkowski',
	'M',
	'2004-7-21',
	'2016-9-1',
	NULL
);

INSERT INTO Uczniowie VALUES (
	'05213067455',
	'Krzysztof',
	'Olszewski',
	'M',
	'2005-1-30',
	'2016-9-1',
	NULL
);

INSERT INTO Uczniowie VALUES (
	'03310511826',
	'Oliwia',
	'Pawłowska',
	'K',
	'2003-11-5',
	'2016-9-1',
	NULL
);

INSERT INTO Uczniowie VALUES (
	'03291253984',
	'Jolanta',
	'Czerwinska',
	'K',
	'2003-9-12',
	'2016-9-1',
	NULL
);

INSERT INTO Uczniowie VALUES (
	'04291915720',
	'Felicyta',
	'Czerwinska',
	'K',
	'2004-9-19',
	'2016-9-1',
	NULL
);

INSERT INTO Uczniowie VALUES (
	'04250364965',
	'Zuzanna',
	'Nowicka',
	'K',
	'2004-5-3',
	'2016-9-1',
	NULL
);

INSERT INTO Uczniowie VALUES (
	'05241158936',
	'Gustaw',
	'Nowak',
	'M',
	'2005-4-11',
	'2016-9-1',
	NULL
);

INSERT INTO Uczniowie VALUES (
	'04231705673',
	'Wiktor',
	'Sawicki',
	'M',
	'2004-3-17',
	'2016-9-1',
	NULL
);

INSERT INTO Uczniowie VALUES (
	'05230919672',
	'Dorota',
	'Wieczorek',
	'M',
	'2005-3-9',
	'2016-9-1',
	NULL
);

INSERT INTO Uczniowie VALUES (
	'03252803290',
	'Jarosław',
	'Ostrowski',
	'M',
	'2003-5-28',
	'2016-9-1',
	NULL
);

INSERT INTO Uczniowie VALUES (
	'04231935102',
	'Lucyna',
	'Nowakowska',
	'K',
	'2004-3-19',
	'2016-9-1',
	NULL
);

INSERT INTO Uczniowie VALUES (
	'04241610170',
	'Bolesław',
	'Dąbrowski',
	'M',
	'2004-4-16',
	'2016-9-1',
	NULL
);

INSERT INTO Uczniowie VALUES (
	'02260100492',
	'Przemek',
	'Chmielewski',
	'M',
	'2002-6-1',
	'2015-9-1',
	NULL
);

INSERT INTO Uczniowie VALUES (
	'02261571934',
	'Henryk',
	'Zielinski',
	'M',
	'2002-6-15',
	'2015-9-1',
	NULL
);

INSERT INTO Uczniowie VALUES (
	'04213095721',
	'Beata',
	'Ostrowska',
	'K',
	'2004-1-30',
	'2015-9-1',
	NULL
);

INSERT INTO Uczniowie VALUES (
	'02282837527',
	'Karina',
	'Nowakowska',
	'K',
	'2002-8-28',
	'2015-9-1',
	NULL
);

INSERT INTO Uczniowie VALUES (
	'04240144063',
	'Weronika',
	'Kamińska',
	'K',
	'2004-4-1',
	'2015-9-1',
	NULL
);

INSERT INTO Uczniowie VALUES (
	'02291722975',
	'Gabryjel',
	'Zawadzki',
	'M',
	'2002-9-17',
	'2015-9-1',
	NULL
);

INSERT INTO Uczniowie VALUES (
	'02320256208',
	'Cecylia',
	'Michalska',
	'K',
	'2002-12-2',
	'2015-9-1',
	NULL
);

INSERT INTO Uczniowie VALUES (
	'02292883765',
	'Wisława',
	'Kaczmarek',
	'K',
	'2002-9-28',
	'2015-9-1',
	NULL
);

INSERT INTO Uczniowie VALUES (
	'02261731790',
	'Jaropełk',
	'Sawicki',
	'M',
	'2002-6-17',
	'2015-9-1',
	NULL
);

INSERT INTO Uczniowie VALUES (
	'03261210962',
	'Gabrysia',
	'Nowicka',
	'K',
	'2003-6-12',
	'2015-9-1',
	NULL
);

INSERT INTO Uczniowie VALUES (
	'03210876469',
	'Lechosława',
	'Wiśniewska',
	'K',
	'2003-1-8',
	'2015-9-1',
	NULL
);

INSERT INTO Uczniowie VALUES (
	'03312371248',
	'Wojciecha',
	'Kozłowska',
	'K',
	'2003-11-23',
	'2015-9-1',
	NULL
);

INSERT INTO Uczniowie VALUES (
	'03252963677',
	'Zygfryd',
	'Dąbrowski',
	'M',
	'2003-5-29',
	'2015-9-1',
	NULL
);

INSERT INTO Uczniowie VALUES (
	'02300133521',
	'Bogumiła',
	'Wysocka',
	'K',
	'2002-10-1',
	'2015-9-1',
	NULL
);

INSERT INTO Uczniowie VALUES (
	'02262707529',
	'Bogusława',
	'Woźniak',
	'K',
	'2002-6-27',
	'2015-9-1',
	NULL
);

INSERT INTO Uczniowie VALUES (
	'01291333141',
	'Roksana',
	'Kozłowska',
	'K',
	'2001-9-13',
	'2014-9-1',
	'2017-6-23'
);

INSERT INTO Uczniowie VALUES (
	'02261414161',
	'Sławomira',
	'Symanska',
	'K',
	'2002-6-14',
	'2014-9-1',
	'2017-6-23'
);

INSERT INTO Uczniowie VALUES (
	'03251150966',
	'Ksenia',
	'Jabłońska',
	'K',
	'2003-5-11',
	'2014-9-1',
	'2017-6-23'
);

INSERT INTO Uczniowie VALUES (
	'02302574506',
	'Izolda',
	'Symanska',
	'K',
	'2002-10-25',
	'2014-9-1',
	'2017-6-23'
);

INSERT INTO Uczniowie VALUES (
	'02321239273',
	'Konstantyn',
	'Michalski',
	'M',
	'2002-12-12',
	'2014-9-1',
	'2017-6-23'
);

INSERT INTO Uczniowie VALUES (
	'02272877207',
	'Hanna',
	'Gorska',
	'K',
	'2002-7-28',
	'2014-9-1',
	'2017-6-23'
);

INSERT INTO Uczniowie VALUES (
	'02231883180',
	'Ksenia',
	'Król',
	'K',
	'2002-3-18',
	'2014-9-1',
	'2017-6-23'
);

INSERT INTO Uczniowie VALUES (
	'03242184974',
	'Radosław',
	'Dudek',
	'M',
	'2003-4-21',
	'2014-9-1',
	'2017-6-23'
);

INSERT INTO Uczniowie VALUES (
	'03230295143',
	'Dita',
	'Olszewska',
	'K',
	'2003-3-2',
	'2014-9-1',
	'2017-6-23'
);

INSERT INTO Uczniowie VALUES (
	'02250700998',
	'Szczeosny',
	'Kucharski',
	'M',
	'2002-5-7',
	'2014-9-1',
	'2017-6-23'
);

INSERT INTO Uczniowie VALUES (
	'03220595570',
	'Jarosław',
	'Wieczorek',
	'M',
	'2003-2-5',
	'2014-9-1',
	'2017-6-23'
);

INSERT INTO Uczniowie VALUES (
	'02240883755',
	'Hainrich',
	'Czerwinski',
	'M',
	'2002-4-8',
	'2014-9-1',
	'2017-6-23'
);

INSERT INTO Uczniowie VALUES (
	'03240500129',
	'Józefa',
	'Kwiatkowska',
	'K',
	'2003-4-5',
	'2014-9-1',
	'2017-6-23'
);

INSERT INTO Uczniowie VALUES (
	'02231174127',
	'Wera',
	'Walczak',
	'K',
	'2002-3-11',
	'2014-9-1',
	'2017-6-23'
);

INSERT INTO Uczniowie VALUES (
	'01270467157',
	'Dorota',
	'Kozłowski',
	'M',
	'2001-7-4',
	'2014-9-1',
	'2017-6-23'
);

INSERT INTO Uczy VALUES (
	'1',
	'1',
	'2013-9-1'
);

INSERT INTO Uczy VALUES (
	'1',
	'4',
	'2014-9-1'
);

INSERT INTO Uczy VALUES (
	'2',
	'1',
	'2002-9-1'
);

INSERT INTO Uczy VALUES (
	'2',
	'3',
	'2005-9-1'
);

INSERT INTO Uczy VALUES (
	'3',
	'2',
	'2005-9-1'
);

INSERT INTO Uczy VALUES (
	'3',
	'4',
	'2009-9-1'
);

INSERT INTO Uczy VALUES (
	'4',
	'2',
	'2004-9-1'
);

INSERT INTO Uczy VALUES (
	'4',
	'4',
	'2006-9-1'
);

INSERT INTO Uczy VALUES (
	'4',
	'6',
	'2008-9-1'
);

INSERT INTO Uczy VALUES (
	'5',
	'5',
	'2014-9-1'
);

INSERT INTO Uczy VALUES (
	'6',
	'6',
	'2007-9-1'
);


INSERT INTO Uczy VALUES (
	'6',
	'3',
	'2007-9-1'
);

INSERT INTO Uczy VALUES (
	'7',
	'5',
	'2004-9-1'
);

INSERT INTO Uczy VALUES (
	'7',
	'3',
	'2004-9-1'
);

INSERT INTO Uczy VALUES (
	'8',
	'2',
	'2002-9-1'
);

INSERT INTO Uczy VALUES (
	'8',
	'7',
	'2006-9-1'
);

INSERT INTO Uczy VALUES (
	'9',
	'4',
	'2006-9-1'
);

INSERT INTO Uczy VALUES (
	'10',
	'5',
	'2012-9-1'
);

INSERT INTO Uczy VALUES (
	'11',
	'4',
	'2003-9-1'
);

INSERT INTO Uczy VALUES (
	'11',
	'6',
	'2004-9-1'
);

INSERT INTO Uczy VALUES (
	'12',
	'1',
	'2007-9-1'
);

INSERT INTO Uczy VALUES (
	'12',
	'2',
	'2009-9-1'
);

INSERT INTO Uczy VALUES (
	'12',
	'5',
	'2009-9-1'
);

INSERT INTO Uczy VALUES (
	'13',
	'2',
	'2015-9-1'
);

INSERT INTO Uczy VALUES (
	'13',
	'7',
	'2015-9-1'
);

INSERT INTO Uczy VALUES (
	'14',
	'2',
	'2011-9-1'
);

INSERT INTO Uczy VALUES (
	'14',
	'4',
	'2011-9-1'
);

INSERT INTO Uczy VALUES (
	'15',
	'7',
	'2014-9-1'
);

INSERT INTO Stopnie (nazwa, mnoznik) VALUES ('stażysta', 0.5);
INSERT INTO Stopnie (nazwa, mnoznik) VALUES ('kontraktowy', 1);
INSERT INTO Stopnie (nazwa, mnoznik) VALUES ('mianowany', 1.25);
INSERT INTO Stopnie (nazwa, mnoznik) VALUES ('dyplomowany', 1.5);

INSERT INTO RodzajeUmowy (nazwa) VALUES ('na czas nieokreślony');
INSERT INTO RodzajeUmowy (nazwa) VALUES ('na czas określony');
INSERT INTO RodzajeUmowy (nazwa) VALUES ('na zastępstwo');

INSERT INTO Nauczyciele VALUES (
	'92091716322',
	'Franciszka',
	'Adamska',
	'K',
	'1992-9-17'
);

INSERT INTO Nauczyciele VALUES (
	'37082099503',
	'Anka',
	'Adamczyk',
	'K',
	'1937-8-20'
);

INSERT INTO Nauczyciele VALUES (
	'44020382652',
	'Alojzy',
	'Kowalski',
	'M',
	'1944-2-3'
);

INSERT INTO Nauczyciele VALUES (
	'54042156546',
	'Maryla',
	'Tomaszewska',
	'K',
	'1954-4-21'
);

INSERT INTO Nauczyciele VALUES (
	'92112405124',
	'Ruta',
	'Kowalczyk',
	'K',
	'1991-11-24'
);

INSERT INTO Nauczyciele VALUES (
	'83051370511',
	'Albin',
	'Zawadzki',
	'M',
	'1983-5-13'
);

INSERT INTO Nauczyciele VALUES (
	'90032358808',
	'Grażyna',
	'Zielinska',
	'K',
	'1990-3-23'
);

INSERT INTO Nauczyciele VALUES (
	'44050273731',
	'Ksawery',
	'Wiśniewski',
	'M',
	'1944-5-2'
);

INSERT INTO Nauczyciele VALUES (
	'60092192823',
	'Jadzia',
	'Sokołowska',
	'K',
	'1960-9-21'
);

INSERT INTO Nauczyciele VALUES (
	'93061787038',
	'Czcibor',
	'Jabłoński',
	'M',
	'1993-6-17'
);

INSERT INTO Nauczyciele VALUES (
	'92090470059',
	'Przemko',
	'Grabowski',
	'M',
	'1991-9-4'
);

INSERT INTO Nauczyciele VALUES (
	'67051480870',
	'Bożydar',
	'Tomaszewski',
	'M',
	'1967-5-14'
);

INSERT INTO Nauczyciele VALUES (
	'69043094221',
	'Bogumiła',
	'Kozłowska',
	'K',
	'1969-4-30'
);

INSERT INTO Nauczyciele VALUES (
	'84050390164',
	'Lesława',
	'Kowalczyk',
	'K',
	'1984-5-3'
);

INSERT INTO Nauczyciele VALUES (
	'61052663397',
	'Wiesław',
	'Piotrowski',
	'M',
	'1961-5-26'
);

INSERT INTO Nauczyciele VALUES (
	'53120792924',
	'Martyna',
	'Jabłońska',
	'K',
	'1953-12-7'
);

INSERT INTO Nauczyciele VALUES (
	'62081902222',
	'Róża',
	'Symanska',
	'K',
	'1962-8-19'
);

INSERT INTO Nauczyciele VALUES (
	'58100243584',
	'Krystiana',
	'Piotrowska',
	'K',
	'1958-10-2'
);

INSERT INTO Nauczyciele VALUES (
	'52070384814',
	'Wiesław',
	'Chmielewski',
	'M',
	'1952-7-3'
);

INSERT INTO Nauczyciele VALUES (
	'85111061535',
	'Przemysław',
	'Kowalski',
	'M',
	'1985-11-10'
);

INSERT INTO Nauczyciele VALUES (
	'93120184584',
	'Klaudia',
	'Tomaszewska',
	'K',
	'1992-12-1'
);

INSERT INTO Nauczyciele VALUES (
	'94071318342',
	'Leokadia',
	'Kamińska',
	'K',
	'1994-7-13'
);

INSERT INTO Nauczyciele VALUES (
	'70060186334',
	'Eugeniusz',
	'Sokołowski',
	'M',
	'1970-6-1'
);

INSERT INTO Nauczyciele VALUES (
	'51072295256',
	'Gustaw',
	'Jabłoński',
	'M',
	'1951-7-22'
);

INSERT INTO Nauczyciele VALUES (
	'61062050024',
	'Zuzanna',
	'Pawłowska',
	'K',
	'1961-6-20'
);

INSERT INTO Nauczyciele VALUES (
	'67082241440',
	'Iwona',
	'Borkowska',
	'K',
	'1967-8-22'
);

INSERT INTO Nauczyciele VALUES (
	'82122824869',
	'Adrianna',
	'Dąbrowski',
	'K',
	'1982-12-28'
);

INSERT INTO Nauczyciele VALUES (
	'38031863613',
	'Juliusz',
	'Pawlak',
	'M',
	'1938-3-18'
);

INSERT INTO Nauczyciele VALUES (
	'47061630889',
	'Hanna',
	'Majewska',
	'K',
	'1947-6-16'
);

INSERT INTO Nauczyciele VALUES (
	'86031922526',
	'Ewa',
	'Kaczmarek',
	'K',
	'1986-3-19'
);

INSERT INTO Uczniowie VALUES (
	'73101237969',
	'Angelika',
	'Majewska',
	'K',
	'2007-10-12',
	'2014-9-1',
	NULL
);

INSERT INTO Uczniowie VALUES (
	'46092214501',
	'Justyna',
	'Kowalczyk',
	'K',
	'2008-9-22',
	'2014-9-1',
	NULL
);

INSERT INTO Uczniowie VALUES (
	'81081394879',
	'Konstanty',
	'Michalski',
	'M',
	'2007-8-13',
	'2014-9-1',
	NULL
);

INSERT INTO Uczniowie VALUES (
	'42101755209',
	'Ela',
	'Król',
	'K',
	'2008-10-17',
	'2014-9-1',
	NULL
);

INSERT INTO Uczniowie VALUES (
	'44102002182',
	'Grażyna',
	'Michalska',
	'K',
	'2007-10-20',
	'2014-9-1',
	NULL
);

INSERT INTO Uczniowie VALUES (
	'90071136603',
	'Ksenia',
	'Chmielewska',
	'K',
	'2008-7-11',
	'2014-9-1',
	NULL
);

INSERT INTO Uczniowie VALUES (
	'34070657778',
	'Ireneusz',
	'Kaczmarek',
	'M',
	'2007-7-6',
	'2014-9-1',
	NULL
);

INSERT INTO Uczniowie VALUES (
	'46090252541',
	'Joasia',
	'Dudek',
	'K',
	'2008-9-2',
	'2014-9-1',
	NULL
);

INSERT INTO Uczniowie VALUES (
	'73092332676',
	'Ryszard',
	'Rutkowski',
	'M',
	'2008-9-23',
	'2014-9-1',
	NULL
);

INSERT INTO Uczniowie VALUES (
	'99021311307',
	'Ksenia',
	'Kowalska',
	'K',
	'2007-2-13',
	'2014-9-1',
	NULL
);

INSERT INTO Uczniowie VALUES (
	'67050187280',
	'Elżbieta',
	'Kowalczyk',
	'K',
	'2007-5-1',
	'2014-9-1',
	NULL
);

INSERT INTO Uczniowie VALUES (
	'91040238829',
	'Klara',
	'Majewska',
	'K',
	'2008-4-2',
	'2014-9-1',
	NULL
);

INSERT INTO Uczniowie VALUES (
	'94083018852',
	'Tadzio',
	'Kwiatkowski',
	'M',
	'2007-8-30',
	'2014-9-1',
	NULL
);

INSERT INTO Uczy VALUES (
	'1',
	'1',
	'2014-9-1');

INSERT INTO Uczy VALUES (
	'2',
	'2',
	'2012-9-1');

INSERT INTO Uczy VALUES (
	'3',
	'3',
	'2014-9-1');

INSERT INTO Uczy VALUES (
	'4',
	'4',
	'2016-9-1');

INSERT INTO Uczy VALUES (
	'5',
	'5',
	'2012-9-1');

INSERT INTO Uczy VALUES (
	'6',
	'6',
	'2011-9-1');

INSERT INTO Uczy VALUES (
	'7',
	'7',
	'2016-9-1');

INSERT INTO Uczy VALUES (
	'23',
	'5',
	'2016-9-1');

INSERT INTO Uczy VALUES (
	'26',
	'6',
	'2011-9-1');

INSERT INTO Uczy VALUES (
	'11',
	'6',
	'2011-9-1');

INSERT INTO Uczy VALUES (
	'21',
	'7',
	'2011-9-1');

INSERT INTO Uczy VALUES (
	'16',
	'3',
	'2014-9-1');

INSERT INTO Uczy VALUES (
	'13',
	'7',
	'2013-9-1');

INSERT INTO Uczy VALUES (
	'2',
	'6',
	'2014-9-1');

INSERT INTO Uczy VALUES (
	'5',
	'4',
	'2015-9-1');

INSERT INTO Uczy VALUES (
	'25',
	'5',
	'2015-9-1');

INSERT INTO Uczy VALUES (
	'4',
	'6',
	'2016-9-1');

INSERT INTO Uczy VALUES (
	'7',
	'4',
	'2012-9-1');

INSERT INTO Uczy VALUES (
	'12',
	'6',
	'2012-9-1');

INSERT INTO Uczy VALUES (
	'22',
	'5',
	'2016-9-1');

INSERT INTO Uczy VALUES (
	'8',
	'6',
	'2012-9-1');

INSERT INTO Uczy VALUES (
	'18',
	'1',
	'2014-9-1');

INSERT INTO Uczy VALUES (
	'3',
	'4',
	'2011-9-1');

INSERT INTO Uczy VALUES (
	'23',
	'5',
	'2013-9-1');

INSERT INTO Uczy VALUES (
	'26',
	'1',
	'2014-9-1');

INSERT INTO Uczy VALUES (
	'18',
	'7',
	'2014-9-1');

INSERT INTO Uczy VALUES (
	'17',
	'3',
	'2014-9-1');

INSERT INTO Uczy VALUES (
	'14',
	'7',
	'2015-9-1');

INSERT INTO Uczy VALUES (
	'16',
	'2',
	'2011-9-1');

INSERT INTO Uczy VALUES (
	'25',
	'7',
	'2012-9-1');

INSERT INTO Klasy VALUES (
	'1A2018',
	4,
	'A',
	'profil',
	28,
	2018);

INSERT INTO Klasy VALUES (
	'1B2018',
	4,
	'B',
	'profil',
	8,
	2018);

INSERT INTO Klasy VALUES (
	'1C2018',
	4,
	'C',
	'profil',
	16,
	2018);

INSERT INTO Klasy VALUES (
	'1A2017',
	4,
	'A',
	'profil',
	27,
	2017);

INSERT INTO Klasy VALUES (
	'2A2018',
	5,
	'A',
	'profil',
	27,
	2018);

INSERT INTO Klasy VALUES (
	'1B2017',
	4,
	'B',
	'profil',
	11,
	2017);

INSERT INTO Klasy VALUES (
	'2B2018',
	5,
	'B',
	'profil',
	11,
	2018);

INSERT INTO Klasy VALUES (
	'1C2017',
	4,
	'C',
	'profil',
	5,
	2017);

INSERT INTO Klasy VALUES (
	'2C2018',
	5,
	'C',
	'profil',
	5,
	2018);

INSERT INTO Klasy VALUES (
	'1A2016',
	4,
	'A',
	'profil',
	30,
	2016);

INSERT INTO Klasy VALUES (
	'2A2017',
	5,
	'A',
	'profil',
	30,
	2017);

INSERT INTO Klasy VALUES (
	'3A2018',
	6,
	'A',
	'profil',
	30,
	2018);

INSERT INTO Klasy VALUES (
	'1B2016',
	4,
	'B',
	'profil',
	3,
	2016);

INSERT INTO Klasy VALUES (
	'2B2017',
	5,
	'B',
	'profil',
	3,
	2017);

INSERT INTO Klasy VALUES (
	'3B2018',
	6,
	'B',
	'profil',
	3,
	2018);

INSERT INTO Klasy VALUES (
	'1C2016',
	4,
	'C',
	'profil',
	16,
	2016);

INSERT INTO Klasy VALUES (
	'2C2017',
	5,
	'C',
	'profil',
	16,
	2017);

INSERT INTO Klasy VALUES (
	'3C2018',
	6,
	'C',
	'profil',
	16,
	2018);

INSERT INTO KlasyUczniow VALUES (
	'1A2018',
	'1');

INSERT INTO KlasyUczniow VALUES (
	'1A2018',
	'2');

INSERT INTO KlasyUczniow VALUES (
	'1A2018',
	'3');

INSERT INTO KlasyUczniow VALUES (
	'1A2018',
	'4');

INSERT INTO KlasyUczniow VALUES (
	'1A2018',
	'5');

INSERT INTO KlasyUczniow VALUES (
	'1A2018',
	'6');

INSERT INTO KlasyUczniow VALUES (
	'1A2018',
	'7');

INSERT INTO KlasyUczniow VALUES (
	'1A2018',
	'8');

INSERT INTO KlasyUczniow VALUES (
	'1A2018',
	'9');

INSERT INTO KlasyUczniow VALUES (
	'1A2018',
	'10');

INSERT INTO KlasyUczniow VALUES (
	'1A2018',
	'11');

INSERT INTO KlasyUczniow VALUES (
	'1A2018',
	'12');

INSERT INTO KlasyUczniow VALUES (
	'1A2018',
	'13');

	
INSERT INTO Umowy VALUES (
	'1',
	'3',
	'2',
	'2013-9-1',
	NULL,
	3200
);

INSERT INTO Umowy VALUES (
	'2',
	'3',
	'2',
	'2002-9-1',
	NULL,
	3100
);

INSERT INTO Umowy VALUES (
	'3',
	'2',
	'1',
	'2005-9-1',
	NULL,
	3000
);

INSERT INTO Umowy VALUES (
	'4',
	'2',
	'2',
	'2006-9-1',
	NULL,
	3000
);

INSERT INTO Umowy VALUES (
	'5',
	'1',
	'2',
	'2014-9-1',
	NULL,
	3600
);

INSERT INTO Umowy VALUES (
	'6',
	'2',
	'2',
	'2007-9-1',
	NULL,
	3550
);

INSERT INTO Umowy VALUES (
	'7',
	'3',
	'2',
	'2004-9-1',
	NULL,
	3450
);

INSERT INTO Umowy VALUES (
	'8',
	'3',
	'2',
	'2002-9-1',
	NULL,
	3250
);

INSERT INTO Umowy VALUES (
	'9',
	'4',
	'3',
	'2013-9-1',
	NULL,
	2700
);

INSERT INTO Umowy VALUES (
	'10',
	'2',
	'3',
	'2012-9-1',
	NULL,
	2650
);

INSERT INTO Umowy VALUES (
	'11',
	'4',
	'3',
	'2003-9-1',
	NULL,
	3100
);

INSERT INTO Umowy VALUES (
	'12',
	'2',
	'3',
	'2007-9-1',
	NULL,
	3100
);

INSERT INTO Umowy VALUES (
	'13',
	'3',
	'1',
	'2015-9-1',
	NULL,
	3100
);

INSERT INTO Umowy VALUES (
	'14',
	'3',
	'1',
	'2011-9-1',
	NULL,
	3100
);

INSERT INTO Umowy VALUES (
	'15',
	'2',
	'1',
	'2014-9-1',
	NULL,
	3200
);

INSERT INTO Umowy VALUES (
	'16',
	'3',
	'2',
	'2013-9-1',
	NULL,
	3200
);

INSERT INTO Umowy VALUES (
	'17',
	'3',
	'2',
	'2002-9-1',
	NULL,
	3100
);

INSERT INTO Umowy VALUES (
	'18',
	'2',
	'1',
	'2005-9-1',
	NULL,
	3000
);

INSERT INTO Umowy VALUES (
	'19',
	'2',
	'2',
	'2006-9-1',
	NULL,
	3000
);

INSERT INTO Umowy VALUES (
	'20',
	'1',
	'2',
	'2014-9-1',
	NULL,
	3600
);

INSERT INTO Umowy VALUES (
	'21',
	'2',
	'2',
	'2007-9-1',
	NULL,
	3550
);

INSERT INTO Umowy VALUES (
	'22',
	'3',
	'2',
	'2004-9-1',
	NULL,
	3450
);

INSERT INTO Umowy VALUES (
	'23',
	'3',
	'2',
	'2002-9-1',
	NULL,
	3250
);

INSERT INTO Umowy VALUES (
	'24',
	'4',
	'3',
	'2013-9-1',
	NULL,
	2700
);

INSERT INTO Umowy VALUES (
	'25',
	'2',
	'3',
	'2012-9-1',
	NULL,
	2650
);

INSERT INTO Umowy VALUES (
	'26',
	'4',
	'3',
	'2003-9-1',
	NULL,
	3100
);

INSERT INTO Umowy VALUES (
	'27',
	'2',
	'3',
	'2007-9-1',
	NULL,
	3100
);

INSERT INTO Umowy VALUES (
	'28',
	'3',
	'1',
	'2015-9-1',
	NULL,
	3100
);

INSERT INTO Umowy VALUES (
	'29',
	'3',
	'1',
	'2011-9-1',
	NULL,
	3100
);

INSERT INTO Umowy VALUES (
	'30',
	'2',
	'1',
	'2014-9-1',
	NULL,
	3200
);


INSERT INTO Nauczyciele VALUES (
	'92091711322',
	'Krystyna',
	'Cieśla',
	'K',
	'1992-9-17'
);

INSERT INTO Nauczyciele VALUES (
	'37082099543',
	'Mirosława',
	'Kowalska',
	'K',
	'1942-8-20'
);

INSERT INTO Umowy VALUES (
	'31',
	'3',
	'1',
	'2011-9-1',
	'2015-9-1',
	3100
);

INSERT INTO Umowy VALUES (
	'32',
	'2',
	'1',
	'2014-9-1',
	'2017-9-1',
	3200
);


INSERT INTO Uczniowie VALUES (
	'40091888484',
	'Henryka',
	'Sawicka',
	'K',
	'2004-9-18',
	'2011-9-1',
	'2016-6-22'
);

INSERT INTO Uczniowie VALUES (
	'60111311118',
	'Gabryŝ',
	'Wiśniewski',
	'M',
	'2004-11-13',
	'2011-9-1',
	'2016-6-22'
);

INSERT INTO Uczniowie VALUES (
	'41072649438',
	'Amadej',
	'Walczak',
	'M',
	'2005-7-26',
	'2011-9-1',
	'2016-6-22'
);

INSERT INTO Uczniowie VALUES (
	'78070858814',
	'Rościsław',
	'Jaworski',
	'M',
	'2005-7-8',
	'2011-9-1',
	'2016-6-22'
);

INSERT INTO Uczniowie VALUES (
	'74112432286',
	'Barbara',
	'Zając',
	'K',
	'2004-11-24',
	'2011-9-1',
	'2016-6-22'
);

INSERT INTO Uczniowie VALUES (
	'35062658858',
	'Makary',
	'Jasiński',
	'M',
	'2004-6-26',
	'2011-9-1',
	'2016-6-22'
);

INSERT INTO Uczniowie VALUES (
	'48092182170',
	'Paweł',
	'Adamski',
	'M',
	'2004-9-21',
	'2011-9-1',
	'2016-6-22'
);

INSERT INTO Uczniowie VALUES (
	'89032674768',
	'Wojciecha',
	'Dąbrowski',
	'K',
	'2005-3-26',
	'2011-9-1',
	'2016-6-22'
);

INSERT INTO Uczniowie VALUES (
	'78021529000',
	'Serafina',
	'Chmielewska',
	'K',
	'2004-2-15',
	'2011-9-1',
	'2016-6-22'
);

INSERT INTO Uczniowie VALUES (
	'72072518954',
	'Szymon',
	'Nowak',
	'M',
	'2005-7-25',
	'2011-9-1',
	'2016-6-22'
);

INSERT INTO Uczniowie VALUES (
	'67112230831',
	'Wit',
	'Zawadzki',
	'M',
	'2004-11-22',
	'2011-9-1',
	'2016-6-22'
);

INSERT INTO Uczniowie VALUES (
	'62122045183',
	'Krystiana',
	'Rutkowska',
	'K',
	'2005-12-20',
	'2011-9-1',
	'2016-6-22'
);

INSERT INTO Uczniowie VALUES (
	'40053120254',
	'Drugi',
	'Pawłowski',
	'M',
	'2005-5-31',
	'2011-9-1',
	'2016-6-22'
);

INSERT INTO Uczniowie VALUES (
	'69093051238',
	'Lucjan',
	'Majewski',
	'M',
	'2004-9-30',
	'2011-9-1',
	'2016-6-22'
);

INSERT INTO Uczniowie VALUES (
	'37103010535',
	'Paweł',
	'Ostrowski',
	'M',
	'2005-10-30',
	'2011-9-1',
	'2016-6-22'
);

INSERT INTO Uczniowie VALUES (
	'67050686789',
	'Gabriela',
	'Olszewska',
	'K',
	'2004-5-6',
	'2011-9-1',
	'2016-6-22'
);

INSERT INTO Uczniowie VALUES (
	'83070206536',
	'Longin',
	'Wysocki',
	'M',
	'2005-7-2',
	'2011-9-1',
	'2016-6-22'
);

INSERT INTO Uczniowie VALUES (
	'37030911877',
	'Dobrosław',
	'Michalski',
	'M',
	'2004-3-9',
	'2011-9-1',
	'2016-6-22'
);

INSERT INTO Klasy VALUES (
	'1A2015',
	4,
	'A',
	'profil',
	25,
	2015);

INSERT INTO Klasy VALUES (
	'2A2016',
	5,
	'A',
	'profil',
	25,
	2016);

INSERT INTO Klasy VALUES (
	'3A2017',
	6,
	'A',
	'profil',
	25,
	2017);

	
INSERT INTO KlasyUczniow VALUES (
	'3A2017',
	'74');

INSERT INTO KlasyUczniow VALUES (
	'2A2016',
	'74');

INSERT INTO KlasyUczniow VALUES (
	'1A2015',
	'74');

INSERT INTO KlasyUczniow VALUES (
	'3A2017',
	'75');

INSERT INTO KlasyUczniow VALUES (
	'2A2016',
	'75');

INSERT INTO KlasyUczniow VALUES (
	'1A2015',
	'75');

INSERT INTO KlasyUczniow VALUES (
	'3A2017',
	'76');

INSERT INTO KlasyUczniow VALUES (
	'2A2016',
	'76');

INSERT INTO KlasyUczniow VALUES (
	'1A2015',
	'76');

INSERT INTO KlasyUczniow VALUES (
	'3A2017',
	'77');

INSERT INTO KlasyUczniow VALUES (
	'2A2016',
	'77');

INSERT INTO KlasyUczniow VALUES (
	'1A2015',
	'77');

INSERT INTO KlasyUczniow VALUES (
	'3A2017',
	'78');

INSERT INTO KlasyUczniow VALUES (
	'2A2016',
	'78');

INSERT INTO KlasyUczniow VALUES (
	'1A2015',
	'78');

INSERT INTO KlasyUczniow VALUES (
	'3A2017',
	'79');

INSERT INTO KlasyUczniow VALUES (
	'2A2016',
	'79');

INSERT INTO KlasyUczniow VALUES (
	'1A2015',
	'79');

INSERT INTO KlasyUczniow VALUES (
	'3A2017',
	'80');

INSERT INTO KlasyUczniow VALUES (
	'2A2016',
	'80');

INSERT INTO KlasyUczniow VALUES (
	'1A2015',
	'80');

INSERT INTO KlasyUczniow VALUES (
	'3A2017',
	'81');

INSERT INTO KlasyUczniow VALUES (
	'2A2016',
	'81');

INSERT INTO KlasyUczniow VALUES (
	'1A2015',
	'81');

INSERT INTO KlasyUczniow VALUES (
	'3A2017',
	'82');

INSERT INTO KlasyUczniow VALUES (
	'2A2016',
	'82');

INSERT INTO KlasyUczniow VALUES (
	'1A2015',
	'82');

INSERT INTO KlasyUczniow VALUES (
	'3A2017',
	'83');

INSERT INTO KlasyUczniow VALUES (
	'2A2016',
	'83');

INSERT INTO KlasyUczniow VALUES (
	'1A2015',
	'83');

INSERT INTO KlasyUczniow VALUES (
	'3A2017',
	'84');

INSERT INTO KlasyUczniow VALUES (
	'2A2016',
	'84');

INSERT INTO KlasyUczniow VALUES (
	'1A2015',
	'84');

INSERT INTO KlasyUczniow VALUES (
	'3A2017',
	'85');

INSERT INTO KlasyUczniow VALUES (
	'2A2016',
	'85');

INSERT INTO KlasyUczniow VALUES (
	'1A2015',
	'85');

INSERT INTO KlasyUczniow VALUES (
	'3A2017',
	'86');

INSERT INTO KlasyUczniow VALUES (
	'2A2016',
	'86');

INSERT INTO KlasyUczniow VALUES (
	'1A2015',
	'86');

INSERT INTO KlasyUczniow VALUES (
	'3A2017',
	'87');

INSERT INTO KlasyUczniow VALUES (
	'2A2016',
	'87');

INSERT INTO KlasyUczniow VALUES (
	'1A2015',
	'87');

INSERT INTO KlasyUczniow VALUES (
	'3A2017',
	'88');

INSERT INTO KlasyUczniow VALUES (
	'2A2016',
	'88');

INSERT INTO KlasyUczniow VALUES (
	'1A2015',
	'88');

INSERT INTO KlasyUczniow VALUES (
	'3A2017',
	'89');

INSERT INTO KlasyUczniow VALUES (
	'2A2016',
	'89');

INSERT INTO KlasyUczniow VALUES (
	'1A2015',
	'89');

INSERT INTO KlasyUczniow VALUES (
	'3A2017',
	'90');

INSERT INTO KlasyUczniow VALUES (
	'2A2016',
	'90');

INSERT INTO KlasyUczniow VALUES (
	'1A2015',
	'90');

INSERT INTO KlasyUczniow VALUES (
	'3A2017',
	'91');

INSERT INTO KlasyUczniow VALUES (
	'2A2016',
	'91');

INSERT INTO KlasyUczniow VALUES (
	'1A2015',
	'91');

	INSERT INTO Oceny VALUES (
	23,
	1,
	6,
	3,
	'2015-4-5',
	'kartkówka',
	29
);

INSERT INTO Oceny VALUES (
	23,
	1,
	3,
	4,
	'2015-5-6',
	'kartkówka 2',
	29
);

INSERT INTO Oceny VALUES (
	23,
	1,
	1,
	3,
	'2015-3-25',
	'kartkówka 3',
	29
);

INSERT INTO Oceny VALUES (
	23,
	1,
	1,
	6,
	'2015-5-6',
	'sprawdzian',
	29
);

INSERT INTO Oceny VALUES (
	23,
	2,
	4,
	3,
	'2015-4-5',
	'kartkówka',
	27
);

INSERT INTO Oceny VALUES (
	23,
	2,
	5,
	4,
	'2015-5-6',
	'kartkówka 2',
	27
);

INSERT INTO Oceny VALUES (
	23,
	2,
	2,
	3,
	'2015-3-25',
	'kartkówka 3',
	27
);

INSERT INTO Oceny VALUES (
	23,
	2,
	4,
	6,
	'2015-5-6',
	'sprawdzian',
	27
);

INSERT INTO Oceny VALUES (
	23,
	3,
	6,
	3,
	'2015-4-5',
	'kartkówka',
	27
);

INSERT INTO Oceny VALUES (
	23,
	3,
	3,
	4,
	'2015-5-6',
	'kartkówka 2',
	27
);

INSERT INTO Oceny VALUES (
	23,
	3,
	1,
	3,
	'2015-3-25',
	'kartkówka 3',
	27
);

INSERT INTO Oceny VALUES (
	23,
	3,
	1,
	6,
	'2015-5-6',
	'sprawdzian',
	27
);

INSERT INTO Oceny VALUES (
	23,
	4,
	1,
	3,
	'2015-4-5',
	'kartkówka',
	20
);

INSERT INTO Oceny VALUES (
	23,
	4,
	4,
	4,
	'2015-5-6',
	'kartkówka II',
	20
);

INSERT INTO Oceny VALUES (
	23,
	4,
	2,
	3,
	'2015-3-25',
	'odpowiedź ustna',
	20
);

INSERT INTO Oceny VALUES (
	23,
	4,
	6,
	6,
	'2015-5-6',
	'sprawdzian',
	20
);

INSERT INTO Oceny VALUES (
	23,
	5,
	6,
	3,
	'2015-4-5',
	'odpowiedź',
	23
);

INSERT INTO Oceny VALUES (
	23,
	5,
	2,
	4,
	'2015-5-6',
	'kartkówka 2',
	23
);

INSERT INTO Oceny VALUES (
	23,
	5,
	1,
	3,
	'2015-3-25',
	'kartkówka 3',
	23
);

INSERT INTO Oceny VALUES (
	23,
	5,
	1,
	6,
	'2015-5-6',
	'sprawdzian',
	23
);

INSERT INTO Oceny VALUES (
	23,
	6,
	6,
	3,
	'2015-4-5',
	'kartkówka',
	21
);

INSERT INTO Oceny VALUES (
	23,
	6,
	3,
	4,
	'2015-5-6',
	'kartkówka 2',
	21
);

INSERT INTO Oceny VALUES (
	23,
	6,
	1,
	3,
	'2015-3-25',
	'kartkówka 3',
	21
);

INSERT INTO Oceny VALUES (
	23,
	6,
	1,
	6,
	'2015-5-6',
	'sprawdzian',
	21
);

INSERT INTO Oceny VALUES (
	23,
	7,
	6,
	3,
	'2015-4-5',
	'kartkówka',
	22
);

INSERT INTO Oceny VALUES (
	23,
	7,
	3,
	4,
	'2015-5-6',
	'kartkówka 2',
	22
);

INSERT INTO Oceny VALUES (
	23,
	7,
	1,
	3,
	'2015-3-25',
	'kartkówka 3',
	22
);

INSERT INTO Oceny VALUES (
	23,
	7,
	1,
	6,
	'2015-3-6',
	'sprawdzian',
	22
);

INSERT INTO Oceny VALUES (
	24,
	3,
	5,
	3,
	'2015-3-5',
	'kartkówka',
	27
);

INSERT INTO Oceny VALUES (
	26,
	3,
	5,
	3,
	'2015-3-5',
	'kartkówka',
	27
);

INSERT INTO Oceny VALUES (
	25,
	3,
	4,
	3,
	'2015-3-5',
	'kartkówka',
	27
);

INSERT INTO Oceny VALUES (
	25,
	3,
	2,
	4,
	'2015-4-15',
	'sprawdzian',
	27
);